{"accuracy": 0.8716194591134582, "precision": 0.8671208206091927, "recall": 0.8798665183537263}