{"accuracy": 0.8705896471717738, "precision": 0.8668601914326063, "recall": 0.8778104393421784}