{"accuracy": 0.8705792926868299, "precision": 0.8724607663506732, "recall": 0.8701732083267122}