{"accuracy": 0.8705844701364164, "precision": 0.8724709256014019, "recall": 0.8701835226821324}